month,day,year,time-of-day,high,low,rain,snow,wind-speed,wind-direction
12,7,2015,AM,33.8,33.8,0.0,0.3280839916666667,3.10685595,5.105088062083414
12,7,2015,PM,37.4,37.4,1.338582686,0.0,15.53427975,3.5342917352885173
12,7,2015,night,42.8,35.6,1.220472449,0.0,12.4274238,3.9269908169872414
