month,day,year,time-of-day,high,low,rain,snow,wind-speed,wind-direction
12,11,2015,AM,26.6,24.8,0.0,0.03280839916666667,6.2137119,5.890486225480862
12,11,2015,PM,24.8,24.8,0.0,0.0,6.2137119,5.890486225480862
12,11,2015,night,24.8,21.2,0.0,0.0,3.10685595,3.141592653589793
12,12,2015,AM,24.8,23.0,0.0,0.13123359666666667,15.53427975,4.71238898038469
12,12,2015,PM,24.8,23.0,0.0,0.5249343866666667,24.8548476,4.319689898685965
12,12,2015,night,23.0,21.2,0.0,0.8202099791666667,31.0685595,3.9269908169872414
