month,day,year,time-of-day,high,low,rain,snow,wind-speed,wind-direction
12,19,2015,PM,39.2,37.4,0.314960632,0.0,6.2137119,3.141592653589793
12,19,2015,night,37.4,35.6,0.118110237,0.0,3.10685595,2.748893571891069
