month,day,year,time-of-day,high,low,rain,snow,wind-speed,wind-direction
12,7,2015,AM,14.0,12.2,0.0,0.22965879416666668,24.8548476,3.9269908169872414
12,7,2015,PM,15.8,14.0,0.0,0.3280839916666667,15.53427975,3.5342917352885173
12,7,2015,night,24.8,17.6,0.0,0.8858267775,31.0685595,3.9269908169872414
12,8,2015,AM,,,,,,
12,8,2015,PM,,,,,,
12,8,2015,night,,,,,,
