month,day,year,time-of-day,high,low,rain,snow,wind-speed,wind-direction
12,7,2015,AM,33.8,33.8,0.0,0.3280839916666667,3.10685595,5.105088062083414
12,7,2015,PM,37.4,37.4,1.338582686,0.0,15.53427975,3.5342917352885173
12,7,2015,night,42.8,35.6,1.220472449,0.0,12.4274238,3.9269908169872414
12,8,2015,AM,41.0,41.0,1.9291338710000001,0.0,15.53427975,3.9269908169872414
12,8,2015,PM,41.0,39.2,2.0866141870000003,0.0,9.32056785,3.5342917352885173
12,8,2015,night,39.2,32.0,4.527559085,0.26246719333333335,15.53427975,3.9269908169872414
12,9,2015,AM,28.4,28.4,0.0,0.45931758833333336,18.6411357,3.5342917352885173
12,9,2015,PM,28.4,26.6,0.0,0.16404199583333334,9.32056785,3.9269908169872414
12,9,2015,night,28.4,24.8,0.0,0.13123359666666667,12.4274238,5.497787143782138
