month,day,year,time-of-day,high,low,rain,snow,wind-speed,wind-direction
12,7,2015,AM,14.0,12.2,0.0,0.22965879416666668,24.8548476,3.9269908169872414
12,7,2015,PM,15.8,14.0,0.0,0.3280839916666667,15.53427975,3.5342917352885173
12,7,2015,night,24.8,17.6,0.0,0.8858267775,31.0685595,3.9269908169872414
12,8,2015,AM,24.8,21.2,0.0,2.2965879416666666,68.35083089999999,3.5342917352885173
12,8,2015,PM,14.0,14.0,0.0,1.2467191683333334,52.816551149999995,3.141592653589793
12,8,2015,night,21.2,8.599999999999998,0.0,1.4435695633333332,55.9234071,3.9269908169872414
12,9,2015,AM,6.800000000000001,6.800000000000001,0.0,1.3123359666666667,55.9234071,3.141592653589793
12,9,2015,PM,5.0,5.0,0.0,0.8202099791666667,40.389127349999995,3.141592653589793
12,9,2015,night,17.6,8.599999999999998,0.0,0.16404199583333334,24.8548476,5.105088062083414
