month,day,year,hi,lo,liquid,snow,wind
12,20,2015,56,40,0.0,0.0,6.541707658653457
12,21,2015,57,46,0.0,0.0,3.749950809615852
