month,day,year,hi,lo,liquid,snow,wind
12,20,2015,56,40,0.0,0.0,6.541707658653457
12,21,2015,57,46,0.0,0.0,3.749950809615852
12,22,2015,61,49,0.0,0.0,13.541672936029352
12,23,2015,59,40,0.0,0.0,10.291693190893414
12,24,2015,55,41,0.0,0.0,8.083230129978356
12,25,2015,47,32,0.0,0.0,15.958274980034492
