month,day,year,hi,lo,liquid,snow,wind
12,21,2015,37,34,0.3566666666666667,0.0,7.583328510746652
