month,day,year,hi,lo,liquid,snow,wind
12,21,2015,37,34,1.3366666666666667,0.0,12.083299575226565
