month,day,year,hi,lo,liquid,snow,wind
12,21,2015,37,34,1.3366666666666667,0.0,12.083299575226565
12,22,2015,38,20,2.02,0.0,13.708376254354796
12,23,2015,33,11,0.006666666666666667,0.08,4.041690297341405
