month,day,year,hi,lo,liquid,snow,wind
12,21,2015,37,34,1.3366666666666667,0.0,12.083299575226565
12,22,2015,38,20,2.02,0.0,13.708376254354796
12,23,2015,33,11,0.006666666666666667,0.08,4.041690297341405
12,24,2015,24,9,1.2300000000000002,11.163333333333332,10.08338059468281
12,25,2015,23,8,0.09,0.9033333333333333,8.541568768157038
12,26,2015,27,9,0.0,0.0,11.458373360802788
12,27,2015,38,16,0.01,0.10333333333333333,3.8749985532239957
12,28,2015,28,12,0.16333333333333336,1.4733333333333336,6.791548513292978
